-- phpMyAdmin SQL Dump
-- version 5.2.1
-- https://www.phpmyadmin.net/
--
-- Host: 127.0.0.1:3307
-- Generation Time: Feb 25, 2026 at 09:30 PM
-- Server version: 10.4.32-MariaDB
-- PHP Version: 8.0.30

SET SQL_MODE = "NO_AUTO_VALUE_ON_ZERO";
START TRANSACTION;
SET time_zone = "+00:00";


/*!40101 SET @OLD_CHARACTER_SET_CLIENT=@@CHARACTER_SET_CLIENT */;
/*!40101 SET @OLD_CHARACTER_SET_RESULTS=@@CHARACTER_SET_RESULTS */;
/*!40101 SET @OLD_COLLATION_CONNECTION=@@COLLATION_CONNECTION */;
/*!40101 SET NAMES utf8mb4 */;

--
-- Database: `tiranasolidare`
--

-- --------------------------------------------------------

--
-- Table structure for table `aplikimi`
--

CREATE TABLE `aplikimi` (
  `id_aplikimi` int(11) NOT NULL,
  `id_perdoruesi` int(11) DEFAULT NULL,
  `id_eventi` int(11) DEFAULT NULL,
  `statusi` enum('NĂ« pritje','Pranuar','Refuzuar') DEFAULT 'NĂ« pritje',
  `aplikuar_me` timestamp NOT NULL DEFAULT current_timestamp()
) ENGINE=InnoDB DEFAULT CHARSET=utf8mb4 COLLATE=utf8mb4_general_ci COMMENT='Junction table for Many-to-Many relationship';

-- --------------------------------------------------------

--
-- Table structure for table `aplikimi_kerkese`
--

CREATE TABLE `aplikimi_kerkese` (
  `id_aplikimi_kerkese` int(11) NOT NULL,
  `id_kerkese_ndihme` int(11) NOT NULL,
  `id_perdoruesi` int(11) NOT NULL,
  `statusi` enum('NĂ« pritje','Pranuar','Refuzuar') DEFAULT 'NĂ« pritje',
  `aplikuar_me` timestamp NOT NULL DEFAULT current_timestamp()
) ENGINE=InnoDB DEFAULT CHARSET=utf8mb4 COLLATE=utf8mb4_general_ci COMMENT='Aplikime tĂ« vullnetarĂ«ve pĂ«r kĂ«rkesat e ndihmĂ«s';

--
-- Dumping data for table `aplikimi`
--

INSERT INTO `aplikimi` (`id_aplikimi`, `id_perdoruesi`, `id_eventi`, `statusi`, `aplikuar_me`) VALUES
(20, 3, 1, 'Pranuar', '2026-02-24 22:16:35'),
(21, 4, 1, 'Pranuar', '2026-02-24 22:16:35'),
(22, 5, 1, 'NĂ« pritje', '2026-02-24 22:16:35'),
(23, 6, 2, 'Pranuar', '2026-02-24 22:16:35'),
(24, 7, 2, 'Pranuar', '2026-02-24 22:16:35'),
(25, 8, 2, 'NĂ« pritje', '2026-02-24 22:16:35'),
(26, 4, 3, 'Pranuar', '2026-02-24 22:16:35'),
(27, 9, 3, 'Pranuar', '2026-02-24 22:16:35'),
(28, 3, 4, 'Pranuar', '2026-02-24 22:16:35'),
(29, 6, 4, 'NĂ« pritje', '2026-02-24 22:16:35'),
(30, 7, 5, 'Pranuar', '2026-02-24 22:16:35'),
(31, 9, 5, 'Refuzuar', '2026-02-24 22:16:35'),
(32, 3, 6, 'Pranuar', '2026-02-24 22:16:35'),
(33, 8, 6, 'NĂ« pritje', '2026-02-24 22:16:35'),
(34, 5, 7, 'Pranuar', '2026-02-24 22:16:35'),
(35, 6, 7, 'Pranuar', '2026-02-24 22:16:35'),
(36, 9, 7, 'NĂ« pritje', '2026-02-24 22:16:35'),
(37, 3, 8, 'Pranuar', '2026-02-24 22:16:35'),
(38, 4, 8, 'NĂ« pritje', '2026-02-24 22:16:35');

-- --------------------------------------------------------

--
-- Table structure for table `eventi`
--

CREATE TABLE `eventi` (
  `id_eventi` int(11) NOT NULL,
  `id_perdoruesi` int(11) DEFAULT NULL,
  `id_kategoria` int(11) DEFAULT NULL,
  `titulli` varchar(200) DEFAULT NULL,
  `pershkrimi` text DEFAULT NULL,
  `data` datetime DEFAULT NULL,
  `vendndodhja` varchar(255) DEFAULT NULL,
  `latitude` decimal(10,7) DEFAULT NULL,
  `longitude` decimal(10,7) DEFAULT NULL,
  `banner` varchar(500) DEFAULT NULL COMMENT 'URL to image storage',
  `krijuar_me` timestamp NOT NULL DEFAULT current_timestamp()
) ENGINE=InnoDB DEFAULT CHARSET=utf8mb4 COLLATE=utf8mb4_general_ci;

--
-- Dumping data for table `eventi`
--

INSERT INTO `eventi` (`id_eventi`, `id_perdoruesi`, `id_kategoria`, `titulli`, `pershkrimi`, `data`, `vendndodhja`, `latitude`, `longitude`, `banner`, `krijuar_me`) VALUES
(1, 2, 1, 'Pastrimi i Liqenit Artificial', 'Aktivitet pastrimi rreth Liqenit Artificial tĂ« TiranĂ«s. Sjellni doreza dhe vullnet tĂ« mirĂ«! Materialet e tjera do tĂ« sigurohen nga organizata.', '2026-03-15 08:00:00', 'Liqeni Artificial, TiranĂ«', 41.3133000, 19.8195000, 'https://images.unsplash.com/photo-1618477462146-050d2767eac4?q=80&w=800', '2026-02-24 22:16:35'),
(2, 2, 2, 'ShpĂ«rndarja e Ushqimit nĂ« LaprakĂ«', 'OrganizojmĂ« shpĂ«rndarje ushqimi pĂ«r familjet nĂ« nevojĂ« nĂ« zonĂ«n e LaprakĂ«s. Kemi nevojĂ« pĂ«r vullnetarĂ« qĂ« tĂ« ndihmojnĂ« me paketimin dhe shpĂ«rndarjen.', '2026-03-10 09:00:00', 'LaprakĂ«, TiranĂ«', 41.3422000, 19.7919000, 'https://images.unsplash.com/photo-1488521787991-ed7bbaae773c?q=80&w=800', '2026-02-24 22:16:35'),
(3, 2, 3, 'Tutoriale Falas pĂ«r NxĂ«nĂ«sit', 'OfrojmĂ« tutoriale falas nĂ« matematikĂ« dhe shkenca pĂ«r nxĂ«nĂ«sit e klasave 6-9 qĂ« kanĂ« nevojĂ« pĂ«r ndihmĂ« shtesĂ«.', '2026-03-20 14:00:00', 'Biblioteka KombĂ«tare, TiranĂ«', 41.3265000, 19.8195000, 'https://images.unsplash.com/photo-1517694712202-14dd9538aa97?q=80&w=800', '2026-02-24 22:16:35'),
(4, 2, 4, 'Kontroll MjekĂ«sor Falas', 'NĂ« bashkĂ«punim me Kryqin e Kuq organizojmĂ« kontroll mjekĂ«sor falas pĂ«r tĂ« moshuarit nĂ« Kombinat.', '2026-03-25 10:00:00', 'Kombinat, TiranĂ«', 41.3372000, 19.7707000, 'https://images.unsplash.com/photo-1584515933487-779824d29309?q=80&w=800', '2026-02-24 22:16:35'),
(5, 2, 2, 'Mbledhje Veshjesh pĂ«r Dimrin', 'Mbledhim veshje dimri pĂ«r fĂ«mijĂ«t nĂ« nevojĂ«. Mund tĂ« sillni xhaketa, Ă§izme, doreza dhe shalle.', '2026-04-01 10:00:00', 'Qendra Sociale, TiranĂ«', 41.3275000, 19.8187000, 'https://images.unsplash.com/photo-1489710437720-ebb67ec84dd2?q=80&w=800', '2026-02-24 22:16:35'),
(6, 2, 3, 'Workshop Kodimi pĂ«r tĂ« RinjtĂ«', 'MĂ«soni bazat e programimit nĂ« Python. I hapur pĂ«r tĂ« gjithĂ« tĂ« rinjtĂ« 15-25 vjeĂ§. LaptopĂ«t sigurohen nga ne.', '2026-04-05 15:00:00', 'Innovation Hub, TiranĂ«', 41.3285000, 19.8180000, 'https://images.unsplash.com/photo-1517694712202-14dd9538aa97?q=80&w=800', '2026-02-24 22:16:35'),
(7, 2, 5, 'Ndihma pas PĂ«rmbytjes nĂ« Kombinat', 'OrganizojmĂ« ndihmĂ« emergjente pĂ«r banorĂ«t e prekur nga pĂ«rmbytja. Kemi nevojĂ« pĂ«r vullnetarĂ« pĂ«r pastrim dhe shpĂ«rndarje materialesh.', '2026-04-10 08:00:00', 'Kombinat, TiranĂ«', 41.3372000, 19.7707000, 'https://images.unsplash.com/photo-1547683905-f686c993aae5?q=80&w=800', '2026-02-24 22:16:35'),
(8, 2, 1, 'Mbjellja e PemĂ«ve nĂ« Parkun e Ri', 'Bashkohu me ne pĂ«r tĂ« mbjellur 200 pemĂ« nĂ« parkun e ri tĂ« lagjes. Mjetet sigurohen nga bashkia.', '2026-04-15 09:00:00', 'Parku i Ri, TiranĂ«', 41.3190000, 19.8230000, 'https://images.unsplash.com/photo-1542601906990-b4d3fb773b09?q=80&w=800', '2026-02-24 22:16:35');

-- --------------------------------------------------------

--
-- Table structure for table `kategoria`
--

CREATE TABLE `kategoria` (
  `id_kategoria` int(11) NOT NULL,
  `emri` varchar(50) DEFAULT NULL,
  `banner_path` varchar(500) DEFAULT NULL
) ENGINE=InnoDB DEFAULT CHARSET=utf8mb4 COLLATE=utf8mb4_general_ci;

--
-- Dumping data for table `kategoria`
--

INSERT INTO `kategoria` (`id_kategoria`, `emri`) VALUES
(3, 'Edukimi'),
(5, 'Emergjenca'),
(1, 'Mjedis'),
(4, 'ShĂ«ndetĂ«si'),
(2, 'Sociale');

-- --------------------------------------------------------

--
-- Table structure for table `kerkesa_per_ndihme`
--

CREATE TABLE `kerkesa_per_ndihme` (
  `id_kerkese_ndihme` int(11) NOT NULL,
  `id_perdoruesi` int(11) DEFAULT NULL,
  `tipi` enum('KĂ«rkesĂ«','OfertĂ«') DEFAULT NULL,
  `titulli` varchar(150) DEFAULT NULL,
  `pershkrimi` text DEFAULT NULL,
  `statusi` enum('Open','Closed') DEFAULT 'Open' COMMENT 'Open/Closed',
  `imazhi` varchar(500) DEFAULT NULL,
  `vendndodhja` varchar(255) DEFAULT NULL,  `latitude` decimal(10,7) DEFAULT NULL,
  `longitude` decimal(10,7) DEFAULT NULL,  `krijuar_me` timestamp NOT NULL DEFAULT current_timestamp()
) ENGINE=InnoDB DEFAULT CHARSET=utf8mb4 COLLATE=utf8mb4_general_ci;

--
-- Dumping data for table `kerkesa_per_ndihme`
--

INSERT INTO `kerkesa_per_ndihme` (`id_kerkese_ndihme`, `id_perdoruesi`, `tipi`, `titulli`, `pershkrimi`, `statusi`, `imazhi`, `vendndodhja`, `krijuar_me`) VALUES
(1, 4, 'KĂ«rkesĂ«', 'NdihmĂ« me ushqim pĂ«r familje me 4 anĂ«tarĂ«', 'Jemi familje me 4 anĂ«tarĂ« dhe po kalojmĂ« njĂ« periudhĂ« tĂ« vĂ«shtirĂ« financiare. Do na ndihmonte shumĂ« Ă§do lloj ndihme me ushqime bazĂ«.', 'Open', 'https://images.unsplash.com/photo-1593113598332-cd288d649433?q=80&w=800', 'TiranĂ«', '2026-02-24 22:16:35'),
(2, 5, 'KĂ«rkesĂ«', 'KĂ«rkoj veshje dimri pĂ«r 2 fĂ«mijĂ«', 'Kam 2 fĂ«mijĂ«, 6 dhe 9 vjeĂ§, qĂ« kanĂ« nevojĂ« pĂ«r xhaketa, Ă§izme dhe veshje tĂ« ngrohta pĂ«r dimrin.', 'Open', 'https://images.unsplash.com/photo-1532622785990-d2c36a76f5a6?q=80&w=800', 'TiranĂ«', '2026-02-24 22:16:35'),
(3, 3, 'OfertĂ«', 'Ofroj tutoriale falas nĂ« anglisht', 'Jam studente e gjuhĂ«s angleze dhe dua tĂ« ofroj tutoriale falas pĂ«r fĂ«mijĂ«t e klasave fillore.', 'Open', 'https://images.unsplash.com/photo-1503676260728-1c00da094a0b?q=80&w=800', 'TiranĂ«', '2026-02-24 22:16:35'),
(4, 6, 'KĂ«rkesĂ«', 'NdihmĂ« me riparim shtĂ«pie pas pĂ«rmbytjes', 'Banesat tona u dĂ«mtuan nga pĂ«rmbytja e fundit. Kemi nevojĂ« pĂ«r ndihmĂ« me pastrim dhe riparime tĂ« vogla.', 'Open', 'https://images.unsplash.com/photo-1504307651254-35680f356dfd?q=80&w=800', 'Kombinat, TiranĂ«', '2026-02-24 22:16:35'),
(5, 7, 'OfertĂ«', 'Ofroj transport falas pĂ«r vizita mjekĂ«sore', 'Kam makinĂ« dhe jam i disponueshĂ«m tĂ« ofroj transport falas pĂ«r tĂ« moshuarit qĂ« kanĂ« vizita mjekĂ«sore.', 'Open', 'https://images.unsplash.com/photo-1449965408869-eaa3f722e40d?q=80&w=800', 'TiranĂ«', '2026-02-24 22:16:35'),
(6, 8, 'KĂ«rkesĂ«', 'KĂ«rkoj laptop pĂ«r studime universitare', 'Jam student i vitit tĂ« parĂ« dhe nuk kam laptop pĂ«r tĂ« ndjekur leksionet online dhe detyrat.', 'Open', 'https://images.unsplash.com/photo-1496181133206-80ce9b88a853?q=80&w=800', 'TiranĂ«', '2026-02-24 22:16:35'),
(7, 4, 'OfertĂ«', 'Ofroj kurse bazĂ« kompjuteri', 'Dua tĂ« ofroj kurse bazĂ« kompjuteri pĂ«r tĂ« moshuarit qĂ« duan tĂ« mĂ«sojnĂ« si tĂ« pĂ«rdorin teknologjinĂ«.', 'Open', 'https://images.unsplash.com/photo-1516321318423-f06f85e504b3?q=80&w=800', 'TiranĂ«', '2026-02-24 22:16:35'),
(8, 9, 'KĂ«rkesĂ«', 'NdihmĂ« me furnizime shkollore', 'Kam 3 fĂ«mijĂ« nĂ« shkollĂ« fillore dhe kam nevojĂ« pĂ«r furnizime shkollore: fleta, lapsa, Ă§anta.', 'Open', 'https://images.unsplash.com/photo-1532622785990-d2c36a76f5a6?q=80&w=800', 'TiranĂ«', '2026-02-24 22:16:35'),
(9, 5, 'KĂ«rkesĂ«', 'KĂ«rkoj ndihmĂ« me qira', 'Po rrezikojmĂ« tĂ« humbasim shtĂ«pinĂ«. Ă‡do ndihmĂ« financiare do ishte e Ă§muar.', 'Closed', 'https://images.unsplash.com/photo-1560518883-ce09059eeffa?q=80&w=800', 'LaprakĂ«, TiranĂ«', '2026-02-24 22:16:35'),
(10, 6, 'OfertĂ«', 'Ofroj mobilje pĂ«r familje nĂ« nevojĂ«', 'Kam disa mobilje nĂ« gjendje tĂ« mirĂ« qĂ« nuk i pĂ«rdor mĂ«. TavolinĂ«, karrige dhe njĂ« divan.', 'Open', 'https://images.unsplash.com/photo-1524758631624-e2822e304c36?q=80&w=800', 'TiranĂ«', '2026-02-24 22:16:35');

-- --------------------------------------------------------

--
-- Table structure for table `njoftimi`
--

CREATE TABLE `njoftimi` (
  `id_njoftimi` int(11) NOT NULL,
  `id_perdoruesi` int(11) DEFAULT NULL,
  `mesazhi` text DEFAULT NULL,
  `is_read` tinyint(1) DEFAULT 0,
  `krijuar_me` timestamp NOT NULL DEFAULT current_timestamp()
) ENGINE=InnoDB DEFAULT CHARSET=utf8mb4 COLLATE=utf8mb4_general_ci;

--
-- Dumping data for table `njoftimi`
--

INSERT INTO `njoftimi` (`id_njoftimi`, `id_perdoruesi`, `mesazhi`, `is_read`, `krijuar_me`) VALUES
(1, 3, 'Aplikimi juaj pĂ«r \"Pastrimi i Liqenit Artificial\" u pranua!', 1, '2026-02-24 22:16:35'),
(2, 4, 'Aplikimi juaj pĂ«r \"Pastrimi i Liqenit Artificial\" u pranua!', 1, '2026-02-24 22:16:35'),
(3, 5, 'Aplikimi juaj pĂ«r \"Pastrimi i Liqenit Artificial\" Ă«shtĂ« nĂ« pritje.', 0, '2026-02-24 22:16:35'),
(4, 6, 'Aplikimi juaj pĂ«r \"ShpĂ«rndarja e Ushqimit nĂ« LaprakĂ«\" u pranua!', 0, '2026-02-24 22:16:35'),
(5, 7, 'Aplikimi juaj pĂ«r \"ShpĂ«rndarja e Ushqimit nĂ« LaprakĂ«\" u pranua!', 1, '2026-02-24 22:16:35'),
(6, 4, 'Aplikimi juaj pĂ«r \"Tutoriale Falas pĂ«r NxĂ«nĂ«sit\" u pranua!', 1, '2026-02-24 22:16:35'),
(7, 9, 'Aplikimi juaj pĂ«r \"Mbledhje Veshjesh pĂ«r Dimrin\" u refuzua.', 0, '2026-02-24 22:16:35'),
(8, 3, 'Dikush ofroi ndihmĂ« pĂ«r kĂ«rkesĂ«n tuaj!', 0, '2026-02-24 22:16:35'),
(9, 6, 'Keni njĂ« event tĂ« ri nĂ« zonĂ«n tuaj: \"Ndihma pas PĂ«rmbytjes nĂ« Kombinat\"', 0, '2026-02-24 22:16:35'),
(10, 5, 'MirĂ« se vini nĂ« TiranaSolidare! Eksploroni mundĂ«sitĂ« pĂ«r vullnetarizĂ«m.', 1, '2026-02-24 22:16:35');

-- --------------------------------------------------------

--
-- Table structure for table `perdoruesi`
--

CREATE TABLE `perdoruesi` (
  `id_perdoruesi` int(11) NOT NULL,
  `emri` varchar(100) NOT NULL,
  `email` varchar(150) NOT NULL,
  `bio` text DEFAULT NULL,
  `profile_picture` varchar(500) DEFAULT NULL,
  `profile_public` tinyint(1) NOT NULL DEFAULT 0,
  `profile_color` varchar(20) NOT NULL DEFAULT 'emerald',
  `email_notifications` tinyint(1) NOT NULL DEFAULT 1,
  `fjalekalimi` varchar(255) NOT NULL,
  `roli` enum('Admin','Vullnetar') DEFAULT 'Vullnetar',
  `statusi_llogarise` enum('Aktiv','Bllokuar','Ă‡aktivizuar') DEFAULT 'Aktiv',
  `verified` tinyint(1) NOT NULL DEFAULT 0,
  `verification_token_hash` varchar(64) DEFAULT NULL,
  `verification_token_expires` datetime DEFAULT NULL,
  `password_reset_token_hash` varchar(64) DEFAULT NULL,
  `password_reset_token_expires` datetime DEFAULT NULL,
  `krijuar_me` timestamp NOT NULL DEFAULT current_timestamp(),
  `deaktivizuar_me` datetime DEFAULT NULL
) ENGINE=InnoDB DEFAULT CHARSET=utf8mb4 COLLATE=utf8mb4_general_ci COMMENT='Main user table storing auth details';

--
-- Dumping data for table `perdoruesi`
--

INSERT INTO `perdoruesi` (`id_perdoruesi`, `emri`, `email`, `fjalekalimi`, `roli`, `statusi_llogarise`, `verified`, `krijuar_me`) VALUES
(2, 'admin', 'admin@tirana.al', '$2y$10$mVd06TmyRZLOBvbsAdN1J.GsIw1QbY5.e7g7vYW4OgtiODz4f.yX.', 'Admin', 'Aktiv', 1, '2026-02-13 23:18:58'),
(3, 'Elisa Basha', 'elisa.basha@gmail.com', '$2y$10$92IXUNpkjO0rOQ5byMi.Ye4oKoEa3Ro9llC/.og/at2.uheWG/igi', 'Vullnetar', 'Aktiv', 1, '2026-02-24 22:09:13'),
(4, 'Dritan Shehu', 'dritan.shehu@yahoo.com', '$2y$10$92IXUNpkjO0rOQ5byMi.Ye4oKoEa3Ro9llC/.og/at2.uheWG/igi', 'Vullnetar', 'Aktiv', 1, '2026-02-24 22:09:13'),
(5, 'Mira Kelmendi', 'mira.kelmendi@outlook.com', '$2y$10$92IXUNpkjO0rOQ5byMi.Ye4oKoEa3Ro9llC/.og/at2.uheWG/igi', 'Vullnetar', 'Aktiv', 1, '2026-02-24 22:09:13'),
(6, 'Besnik Duka', 'besnik.duka@gmail.com', '$2y$10$92IXUNpkjO0rOQ5byMi.Ye4oKoEa3Ro9llC/.og/at2.uheWG/igi', 'Vullnetar', 'Aktiv', 1, '2026-02-24 22:09:13'),
(7, 'Anisa Rama', 'anisa.rama@gmail.com', '$2y$10$92IXUNpkjO0rOQ5byMi.Ye4oKoEa3Ro9llC/.og/at2.uheWG/igi', 'Vullnetar', 'Aktiv', 1, '2026-02-24 22:09:13'),
(8, 'Genti Berisha', 'genti.berisha@hotmail.com', '$2y$10$92IXUNpkjO0rOQ5byMi.Ye4oKoEa3Ro9llC/.og/at2.uheWG/igi', 'Vullnetar', 'Aktiv', 1, '2026-02-24 22:09:13'),
(9, 'Luana Topalli', 'luana.topalli@gmail.com', '$2y$10$92IXUNpkjO0rOQ5byMi.Ye4oKoEa3Ro9llC/.og/at2.uheWG/igi', 'Vullnetar', 'Aktiv', 1, '2026-02-24 22:09:13'),
(10, 'Fatjon MuĂ§a', 'fatjon.muca@gmail.com', '$2y$10$92IXUNpkjO0rOQ5byMi.Ye4oKoEa3Ro9llC/.og/at2.uheWG/igi', 'Vullnetar', 'Bllokuar', 1, '2026-02-24 22:09:13');

-- --------------------------------------------------------

--
-- Table structure for table `raporti`
--

CREATE TABLE `raporti` (
  `id_raporti` int(11) NOT NULL,
  `id_perdoruesi` int(11) DEFAULT NULL,
  `tipi_raportit` varchar(50) DEFAULT NULL,
  `permbajtja` text DEFAULT NULL,
  `gjeneruar_me` timestamp NOT NULL DEFAULT current_timestamp()
) ENGINE=InnoDB DEFAULT CHARSET=utf8mb4 COLLATE=utf8mb4_general_ci;

--
-- Dumping data for table `raporti`
--

INSERT INTO `raporti` (`id_raporti`, `id_perdoruesi`, `tipi_raportit`, `permbajtja`, `gjeneruar_me`) VALUES
(1, 2, 'Mujor', 'Raporti mujor i aktiviteteve: 8 evente tĂ« organizuara, 19 aplikime nga vullnetarĂ«, 10 kĂ«rkesa/oferta aktive.', '2026-02-24 22:16:35'),
(2, 2, 'StatistikĂ«', 'Statistikat e platformĂ«s: 9 pĂ«rdorues tĂ« regjistruar, 8 evente aktive, 5 kategori.', '2026-02-24 22:16:35'),
(3, 3, 'Feedback', 'PĂ«rvoja ime si vullnetar ka qenĂ« shumĂ« pozitive. Platforma Ă«shtĂ« e thjeshtĂ« pĂ«r tu pĂ«rdorur.', '2026-02-24 22:16:35');

--
-- Indexes for dumped tables
--

--
-- Indexes for table `aplikimi`
--
ALTER TABLE `aplikimi`
  ADD PRIMARY KEY (`id_aplikimi`),
  ADD UNIQUE KEY `uq_user_event` (`id_perdoruesi`, `id_eventi`),
  ADD KEY `id_perdoruesi` (`id_perdoruesi`),
  ADD KEY `id_eventi` (`id_eventi`),
  ADD KEY `idx_statusi` (`statusi`);

--
-- Indexes for table `aplikimi_kerkese`
--
ALTER TABLE `aplikimi_kerkese`
  ADD PRIMARY KEY (`id_aplikimi_kerkese`),
  ADD UNIQUE KEY `uq_user_request` (`id_kerkese_ndihme`, `id_perdoruesi`),
  ADD KEY `id_kerkese_ndihme` (`id_kerkese_ndihme`),
  ADD KEY `id_perdoruesi` (`id_perdoruesi`),
  ADD KEY `idx_statusi_kerkese` (`statusi`);

--
-- Indexes for table `eventi`
--
ALTER TABLE `eventi`
  ADD PRIMARY KEY (`id_eventi`),
  ADD KEY `id_perdoruesi` (`id_perdoruesi`),
  ADD KEY `id_kategoria` (`id_kategoria`),
  ADD KEY `idx_data` (`data`);

--
-- Indexes for table `kategoria`
--
ALTER TABLE `kategoria`
  ADD PRIMARY KEY (`id_kategoria`),
  ADD UNIQUE KEY `emri` (`emri`);

--
-- Indexes for table `kerkesa_per_ndihme`
--
ALTER TABLE `kerkesa_per_ndihme`
  ADD PRIMARY KEY (`id_kerkese_ndihme`),
  ADD KEY `id_perdoruesi` (`id_perdoruesi`),
  ADD KEY `idx_statusi` (`statusi`);

--
-- Indexes for table `njoftimi`
--
ALTER TABLE `njoftimi`
  ADD PRIMARY KEY (`id_njoftimi`),
  ADD KEY `id_perdoruesi` (`id_perdoruesi`),
  ADD KEY `idx_is_read` (`is_read`);

--
-- Indexes for table `perdoruesi`
--
ALTER TABLE `perdoruesi`
  ADD PRIMARY KEY (`id_perdoruesi`),
  ADD UNIQUE KEY `email` (`email`);

--
-- Indexes for table `raporti`
--
ALTER TABLE `raporti`
  ADD PRIMARY KEY (`id_raporti`),
  ADD KEY `id_perdoruesi` (`id_perdoruesi`);

--
-- AUTO_INCREMENT for dumped tables
--

--
-- AUTO_INCREMENT for table `aplikimi`
--
ALTER TABLE `aplikimi`
  MODIFY `id_aplikimi` int(11) NOT NULL AUTO_INCREMENT, AUTO_INCREMENT=39;

--
-- AUTO_INCREMENT for table `aplikimi_kerkese`
--
ALTER TABLE `aplikimi_kerkese`
  MODIFY `id_aplikimi_kerkese` int(11) NOT NULL AUTO_INCREMENT;

--
-- AUTO_INCREMENT for table `eventi`
--
ALTER TABLE `eventi`
  MODIFY `id_eventi` int(11) NOT NULL AUTO_INCREMENT, AUTO_INCREMENT=9;

--
-- AUTO_INCREMENT for table `kategoria`
--
ALTER TABLE `kategoria`
  MODIFY `id_kategoria` int(11) NOT NULL AUTO_INCREMENT, AUTO_INCREMENT=21;

--
-- AUTO_INCREMENT for table `kerkesa_per_ndihme`
--
ALTER TABLE `kerkesa_per_ndihme`
  MODIFY `id_kerkese_ndihme` int(11) NOT NULL AUTO_INCREMENT, AUTO_INCREMENT=11;

--
-- AUTO_INCREMENT for table `njoftimi`
--
ALTER TABLE `njoftimi`
  MODIFY `id_njoftimi` int(11) NOT NULL AUTO_INCREMENT, AUTO_INCREMENT=11;

--
-- AUTO_INCREMENT for table `perdoruesi`
--
ALTER TABLE `perdoruesi`
  MODIFY `id_perdoruesi` int(11) NOT NULL AUTO_INCREMENT, AUTO_INCREMENT=11;

--
-- AUTO_INCREMENT for table `raporti`
--
ALTER TABLE `raporti`
  MODIFY `id_raporti` int(11) NOT NULL AUTO_INCREMENT, AUTO_INCREMENT=4;

--
-- Constraints for dumped tables
--

--
-- Constraints for table `aplikimi`
--
ALTER TABLE `aplikimi`
  ADD CONSTRAINT `aplikimi_ibfk_1` FOREIGN KEY (`id_perdoruesi`) REFERENCES `perdoruesi` (`id_perdoruesi`) ON DELETE CASCADE,
  ADD CONSTRAINT `aplikimi_ibfk_2` FOREIGN KEY (`id_eventi`) REFERENCES `eventi` (`id_eventi`) ON DELETE CASCADE;

--
-- Constraints for table `aplikimi_kerkese`
--
ALTER TABLE `aplikimi_kerkese`
  ADD CONSTRAINT `aplikimi_kerkese_ibfk_1` FOREIGN KEY (`id_kerkese_ndihme`) REFERENCES `kerkesa_per_ndihme` (`id_kerkese_ndihme`) ON DELETE CASCADE,
  ADD CONSTRAINT `aplikimi_kerkese_ibfk_2` FOREIGN KEY (`id_perdoruesi`) REFERENCES `perdoruesi` (`id_perdoruesi`) ON DELETE CASCADE;

--
-- Constraints for table `eventi`
--
ALTER TABLE `eventi`
  ADD CONSTRAINT `eventi_ibfk_1` FOREIGN KEY (`id_perdoruesi`) REFERENCES `perdoruesi` (`id_perdoruesi`) ON DELETE SET NULL,
  ADD CONSTRAINT `eventi_ibfk_2` FOREIGN KEY (`id_kategoria`) REFERENCES `kategoria` (`id_kategoria`) ON DELETE SET NULL;

--
-- Constraints for table `kerkesa_per_ndihme`
--
ALTER TABLE `kerkesa_per_ndihme`
  ADD CONSTRAINT `kerkesa_per_ndihme_ibfk_1` FOREIGN KEY (`id_perdoruesi`) REFERENCES `perdoruesi` (`id_perdoruesi`) ON DELETE CASCADE;

--
-- Constraints for table `njoftimi`
--
ALTER TABLE `njoftimi`
  ADD CONSTRAINT `njoftimi_ibfk_1` FOREIGN KEY (`id_perdoruesi`) REFERENCES `perdoruesi` (`id_perdoruesi`) ON DELETE CASCADE;

--
-- Constraints for table `raporti`
--
ALTER TABLE `raporti`
  ADD CONSTRAINT `raporti_ibfk_1` FOREIGN KEY (`id_perdoruesi`) REFERENCES `perdoruesi` (`id_perdoruesi`) ON DELETE CASCADE;
COMMIT;

-- --------------------------------------------------------
--
-- Table structure for table `rate_limit_log`
--
CREATE TABLE IF NOT EXISTS `rate_limit_log` (
  `id` int(11) NOT NULL AUTO_INCREMENT,
  `ip` varchar(45) NOT NULL,
  `action` varchar(50) NOT NULL,
  `attempted_at` timestamp NOT NULL DEFAULT current_timestamp(),
  PRIMARY KEY (`id`),
  INDEX `idx_ip_action` (`ip`, `action`, `attempted_at`)
) ENGINE=InnoDB DEFAULT CHARSET=utf8mb4 COLLATE=utf8mb4_general_ci;

/*!40101 SET CHARACTER_SET_CLIENT=@OLD_CHARACTER_SET_CLIENT */;
/*!40101 SET CHARACTER_SET_RESULTS=@OLD_CHARACTER_SET_RESULTS */;
/*!40101 SET COLLATION_CONNECTION=@OLD_COLLATION_CONNECTION */;

-- --------------------------------------------------------
-- Migration: Event capacity, lifecycle, waitlist, presence, notifications, audit log
-- --------------------------------------------------------

-- FIX 1: Event capacity
ALTER TABLE `eventi` ADD COLUMN `kapaciteti` INT NULL AFTER `pershkrimi`;

-- FIX 2: Event lifecycle statuses
ALTER TABLE `eventi` ADD COLUMN `statusi` ENUM('active','completed','cancelled') DEFAULT 'active' AFTER `banner`;
ALTER TABLE `eventi` ADD COLUMN `is_archived` TINYINT(1) DEFAULT 0 AFTER `statusi`;
UPDATE `eventi` SET `statusi` = 'active' WHERE `statusi` IS NULL OR `statusi` = '';

-- FIX 1: Waitlist flag on applications
ALTER TABLE `aplikimi` ADD COLUMN `ne_liste_pritje` TINYINT(1) DEFAULT 0 AFTER `statusi`;

-- FIX 3: Presence tracking (extended statusi enum)
ALTER TABLE `aplikimi` MODIFY COLUMN `statusi` ENUM('NĂ« pritje','Pranuar','Refuzuar','Prezent','Munguar') DEFAULT 'NĂ« pritje';

-- FIX 5: Notification type/link columns
ALTER TABLE `njoftimi` ADD COLUMN `tipi` VARCHAR(30) NULL,
                       ADD COLUMN `target_type` VARCHAR(30) NULL,
                       ADD COLUMN `target_id` INT NULL,
                       ADD COLUMN `linku` VARCHAR(500) NULL;

-- FIX 4: Admin audit log table
CREATE TABLE IF NOT EXISTS `admin_log` (
  `id` INT NOT NULL AUTO_INCREMENT,
  `admin_id` INT NOT NULL,
  `veprim` VARCHAR(50) NOT NULL,
  `target_type` VARCHAR(30) NULL,
  `target_id` INT NULL,
  `detaje` TEXT NULL,
  `krijuar_me` TIMESTAMP NOT NULL DEFAULT CURRENT_TIMESTAMP,
  PRIMARY KEY (`id`),
  INDEX `idx_admin_action` (`admin_id`, `veprim`),
  INDEX `idx_target` (`target_type`, `target_id`),
  FOREIGN KEY (`admin_id`) REFERENCES `perdoruesi` (`id_perdoruesi`)
) ENGINE=InnoDB DEFAULT CHARSET=utf8mb4 COLLATE=utf8mb4_general_ci;

-- --------------------------------------------------------
-- Migration: Standardize all status/role/type values to English
-- --------------------------------------------------------

-- Aplikimi: statusi enum Albanian â†’ English
ALTER TABLE `aplikimi` MODIFY COLUMN `statusi`
  ENUM('pending','approved','rejected','present','absent') DEFAULT 'pending';
UPDATE `aplikimi` SET `statusi` = CASE `statusi`
  WHEN 'NĂ« pritje' THEN 'pending'
  WHEN 'Pranuar'   THEN 'approved'
  WHEN 'Refuzuar'  THEN 'rejected'
  WHEN 'Prezent'   THEN 'present'
  WHEN 'Munguar'   THEN 'absent'
  ELSE `statusi`
END WHERE `statusi` IN ('NĂ« pritje','Pranuar','Refuzuar','Prezent','Munguar');

-- Aplikimi_Kerkese: statusi enum Albanian â†’ English
ALTER TABLE `aplikimi_kerkese` MODIFY COLUMN `statusi`
  ENUM('pending','approved','rejected') DEFAULT 'pending';
UPDATE `aplikimi_kerkese` SET `statusi` = CASE `statusi`
  WHEN 'NĂ« pritje' THEN 'pending'
  WHEN 'Pranuar'   THEN 'approved'
  WHEN 'Refuzuar'  THEN 'rejected'
  ELSE `statusi`
END WHERE `statusi` IN ('NĂ« pritje','Pranuar','Refuzuar');

-- Perdoruesi: roli enum Albanian â†’ English
ALTER TABLE `perdoruesi` MODIFY COLUMN `roli`
  ENUM('admin','volunteer') DEFAULT 'volunteer';
UPDATE `perdoruesi` SET `roli` = CASE `roli`
  WHEN 'Admin'     THEN 'admin'
  WHEN 'Vullnetar' THEN 'volunteer'
  ELSE `roli`
END WHERE `roli` IN ('Admin','Vullnetar');

-- Perdoruesi: statusi_llogarise enum Albanian â†’ English
ALTER TABLE `perdoruesi` MODIFY COLUMN `statusi_llogarise`
  ENUM('active','blocked','deactivated') DEFAULT 'active';
UPDATE `perdoruesi` SET `statusi_llogarise` = CASE `statusi_llogarise`
  WHEN 'Aktiv'       THEN 'active'
  WHEN 'Bllokuar'    THEN 'blocked'
  WHEN 'Ă‡aktivizuar' THEN 'deactivated'
  ELSE `statusi_llogarise`
END WHERE `statusi_llogarise` IN ('Aktiv','Bllokuar','Ă‡aktivizuar');

-- Kerkesa_per_Ndihme: tipi enum Albanian â†’ English
ALTER TABLE `kerkesa_per_ndihme` MODIFY COLUMN `tipi`
  ENUM('request','offer') DEFAULT NULL;
UPDATE `kerkesa_per_ndihme` SET `tipi` = CASE `tipi`
  WHEN 'KĂ«rkesĂ«' THEN 'request'
  WHEN 'OfertĂ«'  THEN 'offer'
  ELSE `tipi`
END WHERE `tipi` IN ('KĂ«rkesĂ«','OfertĂ«');

-- --------------------------------------------------------
-- Migration: Add updated_at timestamp to main tables
-- --------------------------------------------------------

ALTER TABLE `eventi`
  ADD COLUMN `ndryshuar_me` TIMESTAMP NULL DEFAULT NULL ON UPDATE CURRENT_TIMESTAMP;

ALTER TABLE `aplikimi`
  ADD COLUMN `ndryshuar_me` TIMESTAMP NULL DEFAULT NULL ON UPDATE CURRENT_TIMESTAMP;

ALTER TABLE `aplikimi_kerkese`
  ADD COLUMN `ndryshuar_me` TIMESTAMP NULL DEFAULT NULL ON UPDATE CURRENT_TIMESTAMP;

ALTER TABLE `perdoruesi`
  ADD COLUMN `ndryshuar_me` TIMESTAMP NULL DEFAULT NULL ON UPDATE CURRENT_TIMESTAMP;

ALTER TABLE `kerkesa_per_ndihme`
  ADD COLUMN `ndryshuar_me` TIMESTAMP NULL DEFAULT NULL ON UPDATE CURRENT_TIMESTAMP;

ALTER TABLE `njoftimi`
  ADD COLUMN `ndryshuar_me` TIMESTAMP NULL DEFAULT NULL ON UPDATE CURRENT_TIMESTAMP;

-- --------------------------------------------------------
-- Migration: Email queue with retry
-- --------------------------------------------------------

CREATE TABLE IF NOT EXISTS `email_queue` (
  `id` INT NOT NULL AUTO_INCREMENT,
  `to_email` VARCHAR(255) NOT NULL,
  `to_name` VARCHAR(255) NOT NULL DEFAULT '',
  `subject` VARCHAR(500) NOT NULL,
  `body_html` MEDIUMTEXT NOT NULL,
  `body_text` TEXT DEFAULT NULL,
  `status` ENUM('pending','sent','failed') DEFAULT 'pending',
  `attempts` TINYINT UNSIGNED DEFAULT 0,
  `max_attempts` TINYINT UNSIGNED DEFAULT 3,
  `last_error` TEXT DEFAULT NULL,
  `next_retry_at` TIMESTAMP NULL DEFAULT NULL,
  `krijuar_me` TIMESTAMP NOT NULL DEFAULT CURRENT_TIMESTAMP,
  `sent_at` TIMESTAMP NULL DEFAULT NULL,
  PRIMARY KEY (`id`),
  INDEX `idx_status_retry` (`status`, `next_retry_at`)
) ENGINE=InnoDB DEFAULT CHARSET=utf8mb4 COLLATE=utf8mb4_general_ci;

-- --------------------------------------------------------
-- Migration: Standardize kerkesa_per_ndihme.statusi to lowercase English
-- (missed in original FIX 1 migration)
-- --------------------------------------------------------

ALTER TABLE `kerkesa_per_ndihme` MODIFY COLUMN `statusi`
  ENUM('open','closed') DEFAULT 'open';
UPDATE `kerkesa_per_ndihme` SET `statusi` = CASE `statusi`
  WHEN 'Open'   THEN 'open'
  WHEN 'Closed' THEN 'closed'
  ELSE `statusi`
END WHERE `statusi` IN ('Open','Closed');

-- --------------------------------------------------------
-- Migration: In-App Messaging (Mesazhi)
-- --------------------------------------------------------

CREATE TABLE IF NOT EXISTS `Mesazhi` (
  `id_mesazhi` INT NOT NULL AUTO_INCREMENT,
  `derguesi_id` INT NOT NULL,
  `marruesi_id` INT NOT NULL,
  `mesazhi` TEXT NOT NULL,
  `is_read` TINYINT(1) DEFAULT 0,
  `krijuar_me` TIMESTAMP NOT NULL DEFAULT CURRENT_TIMESTAMP,
  PRIMARY KEY (`id_mesazhi`),
  INDEX `idx_derguesi` (`derguesi_id`),
  INDEX `idx_marruesi` (`marruesi_id`),
  INDEX `idx_thread` (`derguesi_id`, `marruesi_id`, `krijuar_me`),
  INDEX `idx_unread` (`marruesi_id`, `is_read`),
  FOREIGN KEY (`derguesi_id`) REFERENCES `Perdoruesi` (`id_perdoruesi`) ON DELETE CASCADE,
  FOREIGN KEY (`marruesi_id`) REFERENCES `Perdoruesi` (`id_perdoruesi`) ON DELETE CASCADE
) ENGINE=InnoDB DEFAULT CHARSET=utf8mb4 COLLATE=utf8mb4_general_ci COMMENT='Mesazhet ndĂ«rmjet pĂ«rdoruesve';

-- --------------------------------------------------------
-- Migration: Add category support to help requests
-- --------------------------------------------------------

ALTER TABLE `kerkesa_per_ndihme`
  ADD COLUMN `id_kategoria` INT DEFAULT NULL AFTER `id_perdoruesi`,
  ADD KEY `idx_kategoria` (`id_kategoria`),
  ADD CONSTRAINT `kerkesa_ndihme_kategoria_fk` FOREIGN KEY (`id_kategoria`) REFERENCES `kategoria` (`id_kategoria`) ON DELETE SET NULL;

-- Assign categories to existing seed requests
UPDATE `kerkesa_per_ndihme` SET `id_kategoria` = 2 WHERE `id_kerkese_ndihme` IN (1,2,9,10);
UPDATE `kerkesa_per_ndihme` SET `id_kategoria` = 3 WHERE `id_kerkese_ndihme` IN (3,6,7,8);
UPDATE `kerkesa_per_ndihme` SET `id_kategoria` = 5 WHERE `id_kerkese_ndihme` = 4;
UPDATE `kerkesa_per_ndihme` SET `id_kategoria` = 4 WHERE `id_kerkese_ndihme` = 5;
